"DateTime";"Irraggiamento (JB-SM1_AL-1-DOWN)";"Irraggiamento (JB-SM1_AL-1-UP)";"Irraggiamento (JB1_POA-1)";"Irraggiamento (JB1_GHI-1)";"Irraggiamento (JB1_IT-1-1)";"Irraggiamento (JB1_IT-1-2)";"Irraggiamento (JB2_IT-2-2)";"Irraggiamento (JB2_IT-2-1)";"Irraggiamento (JB-SM3_AL-3-DOWN)";"Irraggiamento (JB-SM3_AL-3-UP)";"Irraggiamento (JB-SM3_GHI-3)";"Irraggiamento (JB3_POA-3)";"Irraggiamento (JB3_IT-3-2)";"Irraggiamento (JB3_IT-3-1)"
"2026-03-18 00:00:00";0;-1,84;-1;-1,064;0;0;0;0;0,682;-2;-2;-0,844;0;0
"2026-03-18 00:05:00";0,14;-2;-1;-1,766;0;0;0;0;0,11;-2;-2;-1;0;0
"2026-03-18 00:10:00";0,408;-2;-1,642;-2;0;0;0;0;0;-2;-2;-1,222;0;0
"2026-03-18 00:15:00";0;-2;-2;-2;0;0;0;0;0;-2;-2;-2;0;0
"2026-03-18 00:20:00";0;-2;-1,978;-2;0;0;0;0;0;-2;-2;-1,088;0;0
"2026-03-18 00:25:00";0;-2;-1,012;-2;0;0;0;0;0,464;-2;-2;-1;0;0
"2026-03-18 00:30:00";0;-2;-1;-2;0;0;0;0;0,598;-2;-2;-1;0;0
"2026-03-18 00:35:00";0;-2;-1,158;-2;0;0;0;0;0,044;-2;-2;-1;0;0
"2026-03-18 00:40:00";0;-2;-2;-2;0;0;0;0;0;-2;-2;-1,9;0;0
"2026-03-18 00:45:00";0;-2;-2;-2;0;0;0;0;0;-2,368;-2;-2;0;0
"2026-03-18 00:50:00";0;-2;-2;-2;0;0;0;0;0;-2,288;-2;-2;0;0
"2026-03-18 00:55:00";0;-1,906;-1,612;-1,578;0;0;0;0;0;-2;-1,688;-1,222;0;0
"2026-03-18 01:00:00";0;-1;-1;-1;0;0;0;0;0;-1,256;-1,252;-1;0;0
"2026-03-18 01:05:00";0,326;-1,022;-1;-1,578;0;0;0;0;0;-2;-2;-1;0;0
"2026-03-18 01:10:00";0,356;-1,324;-1;-1,656;0;0;0;0;0;-2;-1,678;-1;0;0
"2026-03-18 01:15:00";0;-1,376;-1;-1,434;0;0;0;0;0,3;-1,052;-0,978;-1;0;0
"2026-03-18 01:20:00";0;-2;-1;-2;0;0;0;0;1;-1,41;-1,578;-0,2;0;0
"2026-03-18 01:25:00";0;-2;-1;-2;0;0;0;0;0,456;-2;-2;0;0;0
"2026-03-18 01:30:00";0,156;-2;-1;-2;0;0;0;0;0,522;-2;-2;-0,812;0;0
"2026-03-18 01:35:00";0;-2;-1,832;-2;0;0;0;0;0;-2;-2;-1;0;0
"2026-03-18 01:40:00";0,652;-2;-1,264;-2;0;0;0;0;0;-2;-1,968;-1;0;0
"2026-03-18 01:45:00";0,288;-2;-1,494;-2;0;0;0;0;0;-2;-1,16;-1;0;0
"2026-03-18 01:50:00";0;-2,334;-2;-2,634;0;0;0;0;0;-2;-2;-1,388;0;0
"2026-03-18 01:55:00";0;-2,936;-2;-2,558;0;0;0;0;0;-2;-2;-2;0;0
"2026-03-18 02:00:00";0;-3;-2,198;-2;0;0;0;0;0;-2,396;-2;-2;0;0
"2026-03-18 02:05:00";0;-3;-2;-2;0;0;0;0;0;-2;-2;-2;0;0
"2026-03-18 02:10:00";0;-3;-2;-2;0;0;0;0;0;-2;-2;-2;0;0
"2026-03-18 02:15:00";0;-2,678;-2;-2;0;0;0;0;0;-2;-1,894;-2;0;0
"2026-03-18 02:20:00";0;-2,868;-2;-2;0;0;0;0;0;-1,716;-1;-2;0;0
"2026-03-18 02:25:00";0;-2,494;-2;-2;0;0;0;0;0,484;-1,2;-1,412;-1,578;0;0
"2026-03-18 02:30:00";0;-2,596;-1,178;-2;0;0;0;0;0;-2;-2;-1,178;0;0
"2026-03-18 02:35:00";0;-1,264;-0,5;-1,084;0;0;0;0;0;-1,966;-1,012;-0,212;0;0
"2026-03-18 02:40:00";0;-1,346;-0,4;-1;0;0;0;0;0;-1,272;-1;-0,134;0;0
"2026-03-18 02:45:00";0,1;-1,346;-1;-1,456;0;0;0;0;0;-1,748;-1,094;-1;0;0
"2026-03-18 02:50:00";0;-2;-1,526;-2;0;0;0;0;0;-2;-1,966;-1;0;0
"2026-03-18 02:55:00";0;-2;-1,856;-2;0;0;0;0;0;-2;-1,694;-1;0;0
"2026-03-18 03:00:00";0;-2;-1;-1,288;0;0;0;0;0;-2;-1,612;-1;0;0
"2026-03-18 03:05:00";0;-2;-1;-1;0;0;0;0;0;-1,9;-1;-1;0;0
"2026-03-18 03:10:00";0;-2;-1,188;-1,186;0;0;0;0;0;-1,526;-1,822;-1;0;0
"2026-03-18 03:15:00";0;-2;-2;-1,978;0;0;0;0;0;-2;-2;-1;0;0
"2026-03-18 03:20:00";0;-2;-1,866;-1,422;0;0;0;0;0;-2;-1,266;-1;0;0
"2026-03-18 03:25:00";0;-2;-1;-1;0;0;0;0;0;-1,588;-1;-1;0;0
"2026-03-18 03:30:00";0;-1,3;-1;-1;0;0;0;0;0;-1,316;-1;-1;0;0
"2026-03-18 03:35:00";0;-1;-1;-1;0;0;0;0;0;-2;-1;-1;0;0
"2026-03-18 03:40:00";0;-1;-1;-1;0;0;0;0;0;-1,884;-1,034;-1;0;0
"2026-03-18 03:45:00";0;-1;-1;-1;0;0;0;0;0;-1,812;-2;-1;0;0
"2026-03-18 03:50:00";0;-1,056;-1;-1;0;0;0;0;0;-2;-1,822;-1;0;0
"2026-03-18 03:55:00";0;-2;-1;-1;0;0;0;0;0;-1,832;-1;-1;0;0
"2026-03-18 04:00:00";0;-2;-1;-1,866;0;0;0;0;0;-1;-1;-1;0;0
"2026-03-18 04:05:00";0;-2;-1;-1,778;0;0;0;0;0;-1;-1;-1;0;0
"2026-03-18 04:10:00";0;-1,8;-1;-1;0;0;0;0;0;-1,158;-1;-1;0;0
"2026-03-18 04:15:00";0;-1;-0,978;-1;0;0;0;0;0;-1,756;-1;-1;0;0
"2026-03-18 04:20:00";0;-1;0;-1;0;0;0;0;0;-1;-1;-0,634;0;0
"2026-03-18 04:25:00";0;-1;0;-1;0;0;0;0;0;-1;-1;0;0;0
"2026-03-18 04:30:00";0;-1;0;-1;0;0;0;0;0;-1;-0,906;0;0;0
"2026-03-18 04:35:00";0;-0,444;0;-0,4;0;0;0;0;0;-0,312;0;0;0;0
"2026-03-18 04:40:00";0;0;0;-0,022;0;0;0;0;0;-0,088;-0,158;0;0;0
"2026-03-18 04:45:00";0;-0,956;-0,842;-1;0;0;0;0;0;-1;-1;-0,1;0;0
"2026-03-18 04:50:00";0;-1,578;-1,222;-1,678;0;0;0;0;0;-1;-1;-1;0;0
"2026-03-18 04:55:00";0;-2;-1;-1,222;0;0;0;0;0;-1;-1;-1;0;0
"2026-03-18 05:00:00";0;-2;-1,922;-1,224;0;0;0;0;0;-1;-1;-1;0;0
"2026-03-18 05:05:00";0;-2;-1,284;-1;0;0;0;0;0;-1;-1;-1;0;0
"2026-03-18 05:10:00";0;-1,748;-1;-1,958;0;0;0;0;0;-1;-1;-1,566;0;0
"2026-03-18 05:15:00";0;-1,456;-1;-1,526;0;0;0;0;0;-1;-1;-1,078;0;0
"2026-03-18 05:20:00";0;-1;-1;-1;0;0;0;0;0;-1,222;-1,844;-1;0;0
"2026-03-18 05:25:00";0;-1;-1;-1;0;0;0;0;0;-2;-2;-1;0;0
"2026-03-18 05:30:00";0;-1;-0,888;-1;0;0;0;0;0;-2;-2,632;-1;0;0
"2026-03-18 05:35:00";0;-1;0;-1;0;0;0;0;0;-1,678;-2,148;-0,266;0;0
"2026-03-18 05:40:00";0;-0,682;-0,312;-1;0;0;0;0;0;-1;-1,106;-0,034;0;0
"2026-03-18 05:45:00";0;-1;-1;-1;0;0;0;0;0;-1;-1,188;-1;0;0
"2026-03-18 05:50:00";0;-1,534;-1;-1,088;0;0;0;0;0;-1,074;-1,412;-1;0;0
"2026-03-18 05:55:00";0;-1,6;-1;-1;0;0;0;0;0;-2;-2;-1;0;0
"2026-03-18 06:00:00";0;-1;-1;-1;0;0;0;0;0;-1,622;-1,326;-1;0;0
"2026-03-18 06:05:00";0;-1;-0,934;-1;0,058;0,05;0,062;0,086;0,1;-1;-1;-0,056;0,044;0,056
"2026-03-18 06:10:00";0;-0,568;0;-0,256;0,154;0,152;0,182;0,22;1;-0,444;-0,088;0;0,138;0,156
"2026-03-18 06:15:00";0,678;0,274;0,432;0,294;0,316;0,32;0,368;0,404;1;0,244;0,156;0,716;0,27;0,326
"2026-03-18 06:20:00";1;1,622;2,592;1,758;0,478;0,496;0,582;0,624;1;1,936;1,878;2,348;0,452;0,5
"2026-03-18 06:25:00";1,166;4,284;5,188;4,424;0,81;0,828;0,934;1,004;1,7;4,678;4,542;5,044;0,748;0,84
"2026-03-18 06:30:00";2,222;8,7;9,25;8,322;1,376;1,406;1,554;1,662;2,144;8,522;8,51;9,206;1,258;1,408
"2026-03-18 06:35:00";4;15,596;16,414;14,95;2,446;2,506;2,79;2,876;4;15,366;15,278;16,098;2,202;2,452
"2026-03-18 06:40:00";9,378;32,324;34,054;37,312;5,212;5,774;8,196;8,874;7,476;31,986;29,59;31,592;5,236;5,272
"2026-03-18 06:45:00";17,51;56,998;58,6;66,8;9,014;10,896;15,264;16,63;11,042;56,034;48,544;55,654;7,656;8,016
"2026-03-18 06:50:00";25,206;93,846;95,73;95,056;12,092;13,29;18,198;19,734;19,7;90,136;81,346;83,288;11,998;13,168
"2026-03-18 06:55:00";41,452;160,688;157,356;156,688;22,632;22,158;26,448;31,796;37,266;138,996;133,038;146,89;19,278;22,486
"2026-03-18 07:00:00";32,33;124,982;130,028;125,324;18,174;18,398;22,404;25,828;30,304;115,61;112,098;144,692;13,566;15,18
"2026-03-18 07:05:00";28,654;110,414;117,892;111,296;14,322;15,104;16,5;16,734;27,256;103,816;103,966;122,066;13,194;14,024
"2026-03-18 07:10:00";30,332;110,964;118,292;112,458;14,49;14,824;16,182;16,204;27,156;100,596;101,73;123,036;14,306;14,628
"2026-03-18 07:15:00";26,122;105,71;113,546;107,208;13,698;14,38;16,784;16,162;28,822;110,656;113,144;116,382;11,732;13,046
"2026-03-18 07:20:00";24,752;104,042;112,098;105,05;12,888;13,512;15,254;15,334;26,224;100,034;102,924;115,928;11,582;12,762
"2026-03-18 07:25:00";21,986;88,792;101,708;89,382;11,23;11,568;13,196;14,178;22,316;81,124;82,61;103,356;10,258;11,176
"2026-03-18 07:30:00";32,832;118,998;159,62;120,352;14,648;13,43;16,344;19,726;31,754;98,122;102,102;171,37;11,748;12,486
"2026-03-18 07:35:00";13,982;57,68;68,928;58,448;6,578;6,644;7,272;8,014;12,498;47,632;47,724;67,718;5,792;6,222
"2026-03-18 07:40:00";8,492;36,668;40,95;37,074;4,388;4,46;4,79;5,17;8,036;31,858;31,766;41,656;3,864;4,198
"2026-03-18 07:45:00";6,8;29,886;33,136;30,652;3,5;3,53;3,84;4,052;6,444;26,944;27,342;34,744;3,044;3,338
"2026-03-18 07:50:00";7,464;34,678;37,302;35,43;4,228;4,248;4,846;4,762;8,122;34,898;36,088;39,226;3,634;4,032
"2026-03-18 07:55:00";9,008;43,448;45,686;44,896;4,958;5,042;5,79;5,588;9,376;42,788;44,596;45,858;4,09;4,536
"2026-03-18 08:00:00";7,668;36,048;37,71;37,72;4,108;4,102;4,782;4,586;8,856;36,082;38,586;39,276;3,416;3,804
"2026-03-18 08:05:00";10,988;46,888;50,784;48,734;5,35;5,368;5,952;5,936;10,844;40,912;43;51,95;4,502;4,942
"2026-03-18 08:10:00";13,59;56,476;58,42;59,26;7,076;6,978;8,262;7,72;15,196;60,912;65,11;62,298;5,96;6,636
"2026-03-18 08:15:00";18,52;85,75;88,704;88,72;9,736;9,438;11,058;10,396;19,816;83,412;87,908;91,066;8,092;8,998
"2026-03-18 08:20:00";23,716;110,352;117,11;112,856;12,6;12,026;14,514;13,434;25,476;108,766;113,28;121,896;10,3;11,534
"2026-03-18 08:25:00";24,648;116,162;126,658;116,85;12,476;11,794;14,256;13,816;24,744;112,096;114,252;125,212;9,924;11,136
"2026-03-18 08:30:00";32,038;157,784;182,75;152,802;13,326;13,078;16,468;16,748;28,558;133,414;132,512;186,034;11,068;12,162
"2026-03-18 08:35:00";48,354;228,836;346,124;220,964;19,104;19,74;28,372;38,924;58,072;249,268;241,122;346,178;16,012;17,976
"2026-03-18 08:40:00";105,548;475,178;735,89;450,992;33,428;37,048;45,794;75,416;108,068;447,222;424,952;792,616;30,948;34,144
"2026-03-18 08:45:00";82,63;383,344;492,27;359,898;29,624;31,27;42,37;56,696;70,046;306,678;298,434;451,344;24,108;25,484
"2026-03-18 08:50:00";81,408;383,108;608,402;369,458;31,944;30,26;34,776;51,028;75,8;326,776;319,938;617,83;25,494;25,352
"2026-03-18 08:55:00";79,646;372,456;560,574;350,684;32,86;32,806;45,186;68,426;88,686;380,628;362,362;586,056;27,296;22,58
"2026-03-18 09:00:00";96,908;445,988;688,992;420,11;37,352;35,454;54,364;85,508;95,5;416,464;389,678;706,722;29,736;24,73
"2026-03-18 09:05:00";101,114;472,142;724,092;441,876;38,826;37,57;50,27;81,96;100,74;442,756;413,018;688,038;29,234;25,676
"2026-03-18 09:10:00";116,428;540,278;796,34;499,908;42,234;40,18;56,312;93,3;120,018;527,2;484,516;805,972;30,962;29,732
"2026-03-18 09:15:00";127,19;586,75;873,162;544,978;47,016;45,36;61,628;102,696;131,998;580,212;530,788;858,584;33,986;32,714
"2026-03-18 09:20:00";97,932;462,93;656,336;433,708;47,006;44,82;61,716;81,36;105,596;470,904;439,284;651,91;35,742;34,59
"2026-03-18 09:25:00";96,816;456,32;590,178;433,968;50,344;47,758;65,574;78,242;104,248;463,18;443,102;578,414;38,364;36,71
"2026-03-18 09:30:00";98,682;451,384;524,142;426,376;50,676;46,248;61,484;64,636;107,552;465,222;449,174;548,45;39,646;39,112
"2026-03-18 09:35:00";164,504;738,046;867,224;700,386;67,8;62,738;75,79;89,938;145,534;614,36;600,802;843,044;54,604;54,112
"2026-03-18 09:40:00";79,79;362,84;418,424;358,14;50,794;47,876;59,224;62,51;83,836;360,748;357,232;289,198;32,756;33,254
"2026-03-18 09:45:00";125,556;576,276;661,284;547,286;59,626;52,812;72,756;82,65;137,888;577,346;570,678;686,292;46,17;48,936
"2026-03-18 09:50:00";111,35;512,284;573,642;482,496;53,85;51,414;68,968;84,402;100,814;433,658;427,146;556,884;41,138;43,54
"2026-03-18 09:55:00";69,584;326,456;368,918;308,092;41,192;37,916;57,662;63,988;71,812;319,312;312,732;345,298;31,176;33,72
"2026-03-18 10:00:00";169,19;757,484;879,728;715,384;76,276;73,044;91,124;113,984;186,206;791,544;767,344;893,54;59,464;63,51
"2026-03-18 10:05:00";77,048;355,946;342,456;339,59;37,9;30,452;34,124;28,726;51,712;229,82;228,19;300,832;27,612;28,79
"2026-03-18 10:10:00";37,682;178,99;171,174;175,98;27,56;24,676;31,438;24,774;38,324;178,226;178,972;165,108;20,652;22,334
"2026-03-18 10:15:00";73,426;350,622;392,336;336,026;38,716;38,238;59,668;71,234;95,568;426,35;415,564;420,012;30,994;34,192
"2026-03-18 10:20:00";135,374;627,192;679,66;599,464;57,93;54,932;66,072;81,576;137,408;602,034;588,722;682,806;46,16;50,468
"2026-03-18 10:25:00";106,384;494,262;514,41;476,394;45,896;41,98;51,52;59,336;108,608;482,134;474,13;543,738;38,258;42,106
"2026-03-18 10:30:00";130,318;596,328;653,334;575,562;56,272;54,498;67,308;80,406;129,51;567,548;557,746;593,766;40,824;45,664
"2026-03-18 10:35:00";60,582;275,126;282,222;272,246;32,472;30,116;38,222;36,524;62,356;273,85;277,18;283,446;25,64;28,334
"2026-03-18 10:40:00";114,45;525,35;542,27;512,992;52,452;50,996;69,796;76,562;134,242;594,064;587,398;562,628;42,23;46,778
"2026-03-18 10:45:00";119,892;539,926;543,444;528,652;55,048;52,776;64,294;66,542;119,692;522,566;519,788;526,156;42,776;47,21
"2026-03-18 10:50:00";87,976;393,328;384,142;391,8;44,536;42,132;51,852;48,428;90,574;391,22;398,954;383,428;35,018;38,564
"2026-03-18 10:55:00";93,7;417,384;401,618;416,898;45,944;43,908;53,346;49,958;94,788;411,28;418,098;397,158;36,012;39,774
"2026-03-18 11:00:00";87,312;384,368;374,424;384,726;43,214;41,372;50,038;46,782;88,976;383,59;391,224;371,556;34,18;37,74
"2026-03-18 11:05:00";84,688;373,822;366,546;376,288;41,212;39,628;47,49;45,386;85,782;370,684;377,632;362,918;32,828;36,26
"2026-03-18 11:10:00";78,898;348,076;344,624;350,546;38,192;37,51;44,32;42,586;79,804;343,108;350,682;340,772;30,592;33,95
"2026-03-18 11:15:00";71,126;309,494;306,834;312,552;35,112;34,462;40,8;39,088;72,922;311,316;319,182;306,626;28,584;31,696
"2026-03-18 11:20:00";76,862;337,93;334,734;342,868;37,314;37,352;43,524;41,392;79,31;342,274;351,73;336,118;30,764;34,146
"2026-03-18 11:25:00";74,19;327,176;323,894;329,024;35,566;35,778;41,386;39,596;74,112;318,322;324,822;317,328;28,886;31,994
"2026-03-18 11:30:00";77,986;342,352;338,792;345,588;37,498;37,822;44,146;41,572;82,852;360,202;367,934;344,458;31,336;34,818
"2026-03-18 11:35:00";78,1;343,358;342,218;345,282;36,884;37,442;43,19;41,144;80,216;346,534;353,566;338,992;30,414;33,792
"2026-03-18 11:40:00";71,076;310,72;313,4;312,2;34,102;34,76;39,658;38,144;73,282;314,686;322,25;313,376;28,954;32,014
"2026-03-18 11:45:00";84,148;373,796;380,894;378,338;38,872;39,978;45,314;43,886;87,242;381,018;389,604;382,838;33,328;36,87
"2026-03-18 11:50:00";88,354;392,902;400,452;396,5;40,272;41,49;46,956;45,43;90,864;398,744;405,152;400,022;34,624;38,248
"2026-03-18 11:55:00";84,74;378,124;387,07;381,248;38,88;40,37;45,108;43,896;86,244;376,712;382,746;384,14;33,712;37,128
"2026-03-18 12:00:00";84,6;376,022;384,924;377,736;39,174;40,588;45,616;44,292;87,246;380,75;386,912;387,37;34,686;38,178
"2026-03-18 12:05:00";113,174;505,792;513,576;504,432;49,284;52,63;59,81;57,736;118,884;523,86;523,892;511,53;43,942;48,06
"2026-03-18 12:10:00";119,75;531,364;542,562;529,022;52,912;55,344;62,104;59,518;123,152;540,014;543,366;538,6;46,912;51,444
"2026-03-18 12:15:00";112,936;499,22;511,962;499,214;51,206;53,878;59,308;56,59;115,92;504,872;510,228;511,016;46,164;50,63
"2026-03-18 12:20:00";109,194;477,96;493,056;477,308;49,31;52,048;58,31;55,024;113,624;493,726;499,46;490,846;44,24;48,558
"2026-03-18 12:25:00";105,714;461,288;474,46;461,27;48,512;51,012;56,036;52,694;107,424;465,156;471,734;470,662;44,04;48,052
"2026-03-18 12:30:00";111,788;488,154;502,314;485,696;50,516;53,584;58,87;55,128;114,346;495,626;500,58;493,966;45,5;49,704
"2026-03-18 12:35:00";128,434;563,638;573,828;558,16;57,426;60,598;64,974;60,238;129,782;562,766;565,1;569,78;53,002;57,154
"2026-03-18 12:40:00";136,996;603,26;617,39;596,38;61,088;64,7;68,724;63,81;139,812;609,72;610,862;598,7;55,382;60,144
"2026-03-18 12:45:00";151,04;663,814;673,576;648,622;65,68;69,674;74,612;67,286;153,838;674,562;669,178;653,616;59,772;64,476
"2026-03-18 12:50:00";159,916;701,81;714,404;685,258;67,07;73,028;72,556;66,636;159,576;704,374;694,398;656,64;58,032;63,122
"2026-03-18 12:55:00";163,246;720,734;716,84;698,672;66,248;67,98;73,636;65,12;167,764;750,658;738,078;727,618;61,978;67,02
"2026-03-18 13:00:00";192,138;838,858;841,322;814,384;72,936;76,19;78,514;68,084;182,878;821,6;805,75;818,556;66,692;72,01
"2026-03-18 13:05:00";178,808;787,028;800,644;767,76;69,76;74,342;83,018;69,1;173,574;781,8;767,61;774,18;63,72;68,092
"2026-03-18 13:10:00";180,136;788,458;810,758;764,224;69,42;74,394;77,546;65,336;183,654;824,036;813,85;810,512;64,784;69,592
"2026-03-18 13:15:00";182,766;800,982;819,048;770,916;67,068;69,31;74,146;62,266;180,698;816,988;798,266;812,832;61,64;66,662
"2026-03-18 13:20:00";148,89;653,44;685,184;627,414;56,35;59,356;61,364;52,14;140,608;640,488;628,13;650,8;51,352;55,068
"2026-03-18 13:25:00";126,848;551,594;568,55;532,784;49,248;50,532;51,49;44,53;128,708;584,74;570,99;602,466;48,168;51,994
"2026-03-18 13:30:00";143,158;616,852;666,91;592,184;55,206;59,502;60,892;50,952;131,234;586,282;576,698;591,586;47,692;51,99
"2026-03-18 13:35:00";181,218;781,59;850,52;740,408;64,984;68,296;71,046;59,696;177,568;795,936;772,096;810,484;59,04;62,592
"2026-03-18 13:40:00";119,962;522,388;575,512;497,518;47,7;49,202;50,166;42,022;116,822;529,97;519,73;552,994;43,626;47,028
"2026-03-18 13:45:00";174,672;747,344;843,37;704,286;61,472;63,94;69,886;57,992;169,842;758,906;742,858;801,918;56,08;58,974
"2026-03-18 13:50:00";213,14;903,25;1020,584;848,826;71,596;73,538;77,162;66,188;208,144;918,772;900,43;979,324;65,2;69,464
"2026-03-18 13:55:00";170,354;726,296;810,892;689,3;61,056;63,532;64,588;55,54;160,238;717,724;705,964;781,79;57,416;60,138
"2026-03-18 14:00:00";143,546;616,936;683,67;582,81;54,978;57,864;60,432;51,62;142,578;633,12;620,88;680,384;52,33;56,018
"2026-03-18 14:05:00";164,564;698,902;800,458;652,954;60,554;65,314;66,744;57,92;161,906;718,316;698,388;747,012;55,494;58,938
"2026-03-18 14:10:00";142,946;618;698,864;580,636;52,642;56,19;56,97;48,254;134,038;611,966;592,366;674,832;49,738;52,624
"2026-03-18 14:15:00";136,612;590,19;701,818;550,998;52,418;58,166;61,756;52,56;130,1;592,134;577,974;648,234;47,65;51,636
"2026-03-18 14:20:00";142,518;604,792;683,92;568,634;51,844;57,534;60,858;52,818;134,984;605,964;591,514;686,504;50,96;53,51
"2026-03-18 14:25:00";155,404;657,502;761,564;601,734;55,788;58,006;57,896;52,54;141,982;632,798;613,49;717,398;50,77;54,962
"2026-03-18 14:30:00";179,562;738,914;920,19;665,642;58,706;61,42;61,596;58,842;171,212;755,6;725,028;889,972;54,598;57,99
"2026-03-18 14:35:00";175,538;716,438;926,7;642,952;56,072;57,432;58,412;58,2;167,044;737,158;709,17;896,27;51,528;54,786
"2026-03-18 14:40:00";177,64;718,958;941,832;645,548;58,494;59,758;60,79;61,64;169,274;741,982;716,252;913,282;55,152;58,556
"2026-03-18 14:45:00";177,576;716,852;951,734;642,964;58,69;59,87;60,98;64,228;168,85;736,104;712,25;920,568;55,58;58,684
"2026-03-18 14:50:00";177,14;710,122;962,538;635,486;60,306;59,94;60,828;65,398;166,566;723,002;699,342;924,27;56,012;59,888
"2026-03-18 14:55:00";180,768;726,33;971,052;654,102;64,108;65,194;65,726;70,16;171,024;739,11;717,234;932,794;60,932;64,02
"2026-03-18 15:00:00";164,702;662,162;923,056;592,966;57,46;56,976;58,628;65,306;155,78;678,6;658,776;890,518;53,642;56,23
"2026-03-18 15:05:00";152,93;611,806;911,492;543,124;50,71;48,754;51,29;61,586;145,214;635,582;619,416;881,316;47,212;49,704
"2026-03-18 15:10:00";149,182;593,708;911,892;524,532;47,296;44,86;48,19;61,698;141,498;617,614;604,222;881,992;44,114;45,24
"2026-03-18 15:15:00";147,418;584,044;922,686;513,87;45,506;41,902;45,486;62,694;140,314;609,514;598,906;892,236;41,502;42,884
"2026-03-18 15:20:00";145,046;571,708;922,454;502,61;43,452;41,48;44,224;63,124;138,26;598,212;590,272;891,438;40,992;42,182
"2026-03-18 15:25:00";140,15;548,866;906,214;476,498;41,278;39,12;41,696;62,588;133,71;573,894;566,95;875,788;39,256;40,012
"2026-03-18 15:30:00";137,946;534,86;914,076;460,904;40,916;38;39,512;62,404;131,144;561,146;555,864;882,74;38,046;39,432
"2026-03-18 15:35:00";134,05;517,568;911,096;443,05;39,134;37,172;36,142;61,664;128,49;545,466;541,068;880,764;37,228;38,294
"2026-03-18 15:40:00";131,394;502,85;890,742;429,144;33,874;30,344;30,672;60,772;125,556;530,4;527,746;879,418;35,884;36,99
"2026-03-18 15:45:00";129,324;489,384;854,802;417,866;30,046;26,908;28,386;59,686;123,69;517,488;516,142;878,828;34,848;36,658
"2026-03-18 15:50:00";126,674;477,968;819,07;409,584;29,182;26,05;27,524;57,854;122,178;506,414;505,03;846,486;29,52;31,562
"2026-03-18 15:55:00";72,908;283,83;445,964;251,07;20,094;18,19;18,422;28,154;66,132;285,376;290,716;482,664;20,998;23,05
"2026-03-18 16:00:00";33,768;143,004;185,62;135,306;15,596;15,864;16,508;16,01;32,51;149,87;152,474;191,602;17,312;18,828
"2026-03-18 16:05:00";32,31;139,196;155,214;136,898;16,884;17,444;18,824;15,622;31,618;142,99;145,164;152,32;18,28;19,692
"2026-03-18 16:10:00";35,964;150,198;164,968;151,314;18,814;19,75;20,672;17,74;36,206;157,84;160,518;161,304;19,574;21,142
"2026-03-18 16:15:00";41,366;169,616;188,014;171,41;20,074;21,492;22,692;19,936;42,176;180,058;183,428;185,278;20,314;21,99
"2026-03-18 16:20:00";42,05;174,832;187,936;177,112;19,902;21,062;22,388;19,796;42,366;180,636;184,042;185,278;19,77;21,258
"2026-03-18 16:25:00";34,71;145,256;148,082;146,49;17,498;18,782;19,652;17,04;34,712;147,19;150,012;143,606;17,526;18,872
"2026-03-18 16:30:00";29,678;122,544;123,724;124,386;15,55;16,514;17,38;15,334;29,78;124,096;127,404;121,358;15,384;16,608
"2026-03-18 16:35:00";25,398;104,96;107,312;107,784;13,426;14,306;15,064;13,322;25,814;107,734;111,046;105,862;13,448;14,548
"2026-03-18 16:40:00";;;;;;;;;;;;;;
"2026-03-18 16:45:00";;;;;;;;;;;;;;
"2026-03-18 16:50:00";;;;;;;;;;;;;;
"2026-03-18 16:55:00";;;;;;;;;;;;;;
"2026-03-18 17:00:00";;;;;;;;;;;;;;
"2026-03-18 17:05:00";;;;;;;;;;;;;;
"2026-03-18 17:10:00";;;;;;;;;;;;;;
"2026-03-18 17:15:00";;;;;;;;;;;;;;
"2026-03-18 17:20:00";;;;;;;;;;;;;;
"2026-03-18 17:25:00";;;;;;;;;;;;;;
"2026-03-18 17:30:00";;;;;;;;;;;;;;
"2026-03-18 17:35:00";;;;;;;;;;;;;;
"2026-03-18 17:40:00";;;;;;;;;;;;;;
"2026-03-18 17:45:00";;;;;;;;;;;;;;
"2026-03-18 17:50:00";;;;;;;;;;;;;;
"2026-03-18 17:55:00";;;;;;;;;;;;;;
"2026-03-18 18:00:00";;;;;;;;;;;;;;
"2026-03-18 18:05:00";;;;;;;;;;;;;;
"2026-03-18 18:10:00";;;;;;;;;;;;;;
"2026-03-18 18:15:00";;;;;;;;;;;;;;
"2026-03-18 18:20:00";;;;;;;;;;;;;;
"2026-03-18 18:25:00";;;;;;;;;;;;;;
"2026-03-18 18:30:00";;;;;;;;;;;;;;
"2026-03-18 18:35:00";;;;;;;;;;;;;;
"2026-03-18 18:40:00";;;;;;;;;;;;;;
"2026-03-18 18:45:00";;;;;;;;;;;;;;
"2026-03-18 18:50:00";;;;;;;;;;;;;;
"2026-03-18 18:55:00";;;;;;;;;;;;;;
"2026-03-18 19:00:00";;;;;;;;;;;;;;
"2026-03-18 19:05:00";;;;;;;;;;;;;;
"2026-03-18 19:10:00";;;;;;;;;;;;;;
"2026-03-18 19:15:00";;;;;;;;;;;;;;
"2026-03-18 19:20:00";;;;;;;;;;;;;;
"2026-03-18 19:25:00";;;;;;;;;;;;;;
"2026-03-18 19:30:00";;;;;;;;;;;;;;
"2026-03-18 19:35:00";;;;;;;;;;;;;;
"2026-03-18 19:40:00";;;;;;;;;;;;;;
"2026-03-18 19:45:00";;;;;;;;;;;;;;
"2026-03-18 19:50:00";;;;;;;;;;;;;;
"2026-03-18 19:55:00";;;;;;;;;;;;;;
"2026-03-18 20:00:00";;;;;;;;;;;;;;
"2026-03-18 20:05:00";;;;;;;;;;;;;;
"2026-03-18 20:10:00";;;;;;;;;;;;;;
"2026-03-18 20:15:00";;;;;;;;;;;;;;
"2026-03-18 20:20:00";;;;;;;;;;;;;;
"2026-03-18 20:25:00";;;;;;;;;;;;;;
"2026-03-18 20:30:00";;;;;;;;;;;;;;
"2026-03-18 20:35:00";;;;;;;;;;;;;;
"2026-03-18 20:40:00";;;;;;;;;;;;;;
"2026-03-18 20:45:00";;;;;;;;;;;;;;
"2026-03-18 20:50:00";;;;;;;;;;;;;;
"2026-03-18 20:55:00";;;;;;;;;;;;;;
"2026-03-18 21:00:00";;;;;;;;;;;;;;
"2026-03-18 21:05:00";;;;;;;;;;;;;;
"2026-03-18 21:10:00";;;;;;;;;;;;;;
"2026-03-18 21:15:00";;;;;;;;;;;;;;
"2026-03-18 21:20:00";;;;;;;;;;;;;;
"2026-03-18 21:25:00";;;;;;;;;;;;;;
"2026-03-18 21:30:00";;;;;;;;;;;;;;
"2026-03-18 21:35:00";;;;;;;;;;;;;;
"2026-03-18 21:40:00";;;;;;;;;;;;;;
"2026-03-18 21:45:00";;;;;;;;;;;;;;
"2026-03-18 21:50:00";;;;;;;;;;;;;;
"2026-03-18 21:55:00";;;;;;;;;;;;;;
"2026-03-18 22:00:00";;;;;;;;;;;;;;
"2026-03-18 22:05:00";;;;;;;;;;;;;;
"2026-03-18 22:10:00";;;;;;;;;;;;;;
"2026-03-18 22:15:00";;;;;;;;;;;;;;
"2026-03-18 22:20:00";;;;;;;;;;;;;;
"2026-03-18 22:25:00";;;;;;;;;;;;;;
"2026-03-18 22:30:00";;;;;;;;;;;;;;
"2026-03-18 22:35:00";;;;;;;;;;;;;;
"2026-03-18 22:40:00";;;;;;;;;;;;;;
"2026-03-18 22:45:00";;;;;;;;;;;;;;
"2026-03-18 22:50:00";;;;;;;;;;;;;;
"2026-03-18 22:55:00";;;;;;;;;;;;;;
"2026-03-18 23:00:00";;;;;;;;;;;;;;
"2026-03-18 23:05:00";;;;;;;;;;;;;;
"2026-03-18 23:10:00";;;;;;;;;;;;;;
"2026-03-18 23:15:00";;;;;;;;;;;;;;
"2026-03-18 23:20:00";;;;;;;;;;;;;;
"2026-03-18 23:25:00";;;;;;;;;;;;;;
"2026-03-18 23:30:00";;;;;;;;;;;;;;
"2026-03-18 23:35:00";;;;;;;;;;;;;;
"2026-03-18 23:40:00";;;;;;;;;;;;;;
"2026-03-18 23:45:00";;;;;;;;;;;;;;
"2026-03-18 23:50:00";;;;;;;;;;;;;;
"2026-03-18 23:55:00";;;;;;;;;;;;;;